category,n_label,ratio,instance,n,capacity,algorithm,runtime_ms,result
00Uncorrelated,n00050,R01000,s000,50,14778,Memoization,831.2026,20995
00Uncorrelated,n00050,R01000,s000,50,14778,Tabulation,449.5628,20995
00Uncorrelated,n00050,R01000,s000,50,14778,SpaceOptimised,476.076,20995
00Uncorrelated,n00050,R01000,s000,50,14778,Greedy,1.3138,20995
00Uncorrelated,n00050,R01000,s000,50,14778,FPTAS,70.9793,20918
00Uncorrelated,n00050,R01000,s001,50,13598,Memoization,593.0173,19836
00Uncorrelated,n00050,R01000,s001,50,13598,Tabulation,450.3323,19836
00Uncorrelated,n00050,R01000,s001,50,13598,SpaceOptimised,318.172,19836
00Uncorrelated,n00050,R01000,s001,50,13598,Greedy,0.0344,19836
00Uncorrelated,n00050,R01000,s001,50,13598,FPTAS,41.2959,19765
00Uncorrelated,n00050,R01000,s002,50,13810,Memoization,427.4075,20561
00Uncorrelated,n00050,R01000,s002,50,13810,Tabulation,470.7456,20561
00Uncorrelated,n00050,R01000,s002,50,13810,SpaceOptimised,297.9893,20561
00Uncorrelated,n00050,R01000,s002,50,13810,Greedy,0.0314,20553
00Uncorrelated,n00050,R01000,s002,50,13810,FPTAS,31.9435,20489
00Uncorrelated,n00050,R01000,s003,50,13596,Memoization,615.0639,19789
00Uncorrelated,n00050,R01000,s003,50,13596,Tabulation,604.2024,19789
00Uncorrelated,n00050,R01000,s003,50,13596,SpaceOptimised,352.4016,19789
00Uncorrelated,n00050,R01000,s003,50,13596,Greedy,0.0771,19666
00Uncorrelated,n00050,R01000,s003,50,13596,FPTAS,56.6249,19700
00Uncorrelated,n00050,R01000,s004,50,11618,Memoization,401.0676,20961
00Uncorrelated,n00050,R01000,s004,50,11618,Tabulation,365.7911,20961
00Uncorrelated,n00050,R01000,s004,50,11618,SpaceOptimised,326.9917,20961
00Uncorrelated,n00050,R01000,s004,50,11618,Greedy,0.0303,20960
00Uncorrelated,n00050,R01000,s004,50,11618,FPTAS,45.4396,20883
00Uncorrelated,n00100,R01000,s000,100,22545,Memoization,2645.5073,46537
00Uncorrelated,n00100,R01000,s000,100,22545,Tabulation,1541.7145,46537
00Uncorrelated,n00100,R01000,s000,100,22545,SpaceOptimised,950.0183,46537
00Uncorrelated,n00100,R01000,s000,100,22545,Greedy,0.0745,46365
00Uncorrelated,n00100,R01000,s000,100,22545,FPTAS,377.8654,46452
00Uncorrelated,n00100,R01000,s001,100,22714,Memoization,1935.9389,41049
00Uncorrelated,n00100,R01000,s001,100,22714,Tabulation,1009.4756,41049
00Uncorrelated,n00100,R01000,s001,100,22714,SpaceOptimised,896.085,41049
00Uncorrelated,n00100,R01000,s001,100,22714,Greedy,0.0982,41049
00Uncorrelated,n00100,R01000,s001,100,22714,FPTAS,307.3264,40966
00Uncorrelated,n00100,R01000,s002,100,21618,Memoization,2134.5944,45504
00Uncorrelated,n00100,R01000,s002,100,21618,Tabulation,1455.6012,45504
00Uncorrelated,n00100,R01000,s002,100,21618,SpaceOptimised,1152.82,45504
00Uncorrelated,n00100,R01000,s002,100,21618,Greedy,0.0975,45500
00Uncorrelated,n00100,R01000,s002,100,21618,FPTAS,327.0885,45422
00Uncorrelated,n00100,R01000,s003,100,24044,Memoization,2803.461,43435
00Uncorrelated,n00100,R01000,s003,100,24044,Tabulation,1840.7433,43435
00Uncorrelated,n00100,R01000,s003,100,24044,SpaceOptimised,1500.4323,43435
00Uncorrelated,n00100,R01000,s003,100,24044,Greedy,0.1215,43419
00Uncorrelated,n00100,R01000,s003,100,24044,FPTAS,376.4721,43359
00Uncorrelated,n00100,R01000,s004,100,25547,Memoization,2682.5706,38846
00Uncorrelated,n00100,R01000,s004,100,25547,Tabulation,1606.8662,38846
00Uncorrelated,n00100,R01000,s004,100,25547,SpaceOptimised,1113.105,38846
00Uncorrelated,n00100,R01000,s004,100,25547,Greedy,0.052,38782
00Uncorrelated,n00100,R01000,s004,100,25547,FPTAS,422.7799,38772
00Uncorrelated,n00200,R01000,s000,200,50310,Memoization,9749.1136,84317
00Uncorrelated,n00200,R01000,s000,200,50310,Tabulation,6735.072,84317
00Uncorrelated,n00200,R01000,s000,200,50310,SpaceOptimised,4189.1755,84317
00Uncorrelated,n00200,R01000,s000,200,50310,Greedy,0.1332,84208
00Uncorrelated,n00200,R01000,s000,200,50310,FPTAS,2826.9634,84235
00Uncorrelated,n00200,R01000,s001,200,48873,Memoization,9926.0035,78918
00Uncorrelated,n00200,R01000,s001,200,48873,Tabulation,5737.214,78918
00Uncorrelated,n00200,R01000,s001,200,48873,SpaceOptimised,3548.2411,78918
00Uncorrelated,n00200,R01000,s001,200,48873,Greedy,0.2634,78866
00Uncorrelated,n00200,R01000,s001,200,48873,FPTAS,2546.0061,78839
00Uncorrelated,n00200,R01000,s002,200,51362,Memoization,9213.4344,80297
00Uncorrelated,n00200,R01000,s002,200,51362,Tabulation,6297.0811,80297
00Uncorrelated,n00200,R01000,s002,200,51362,SpaceOptimised,4346.0239,80297
00Uncorrelated,n00200,R01000,s002,200,51362,Greedy,0.0999,80267
00Uncorrelated,n00200,R01000,s002,200,51362,FPTAS,2429.2117,80225
00Uncorrelated,n00200,R01000,s003,200,49551,Memoization,8847.5046,81680
00Uncorrelated,n00200,R01000,s003,200,49551,Tabulation,5018.5573,81680
00Uncorrelated,n00200,R01000,s003,200,49551,SpaceOptimised,3558.1632,81680
00Uncorrelated,n00200,R01000,s003,200,49551,Greedy,0.1615,81680
00Uncorrelated,n00200,R01000,s003,200,49551,FPTAS,2317.0909,81595
00Uncorrelated,n00200,R01000,s004,200,51515,Memoization,7630.5963,84028
00Uncorrelated,n00200,R01000,s004,200,51515,Tabulation,4765.2463,84028
00Uncorrelated,n00200,R01000,s004,200,51515,SpaceOptimised,3227.701,84028
00Uncorrelated,n00200,R01000,s004,200,51515,Greedy,0.1164,83921
00Uncorrelated,n00200,R01000,s004,200,51515,FPTAS,1776.4511,83951
01WeaklyCorrelated,n00050,R01000,s000,50,14239,Memoization,269.1129,15768
01WeaklyCorrelated,n00050,R01000,s000,50,14239,Tabulation,240.8684,15768
01WeaklyCorrelated,n00050,R01000,s000,50,14239,SpaceOptimised,168.4121,15768
01WeaklyCorrelated,n00050,R01000,s000,50,14239,Greedy,0.0289,15712
01WeaklyCorrelated,n00050,R01000,s000,50,14239,FPTAS,28.5752,15705
01WeaklyCorrelated,n00050,R01000,s001,50,11793,Memoization,200.7844,13214
01WeaklyCorrelated,n00050,R01000,s001,50,11793,Tabulation,223.3932,13214
01WeaklyCorrelated,n00050,R01000,s001,50,11793,SpaceOptimised,140.2193,13214
01WeaklyCorrelated,n00050,R01000,s001,50,11793,Greedy,0.0387,13171
01WeaklyCorrelated,n00050,R01000,s001,50,11793,FPTAS,27.1713,13144
01WeaklyCorrelated,n00050,R01000,s002,50,13570,Memoization,261.4422,15065
01WeaklyCorrelated,n00050,R01000,s002,50,13570,Tabulation,253.0205,15065
01WeaklyCorrelated,n00050,R01000,s002,50,13570,SpaceOptimised,159.9669,15065
01WeaklyCorrelated,n00050,R01000,s002,50,13570,Greedy,0.0349,14973
01WeaklyCorrelated,n00050,R01000,s002,50,13570,FPTAS,25.2655,15012
01WeaklyCorrelated,n00050,R01000,s003,50,13214,Memoization,238.4106,14805
01WeaklyCorrelated,n00050,R01000,s003,50,13214,Tabulation,273.5213,14805
01WeaklyCorrelated,n00050,R01000,s003,50,13214,SpaceOptimised,168.6493,14805
01WeaklyCorrelated,n00050,R01000,s003,50,13214,Greedy,0.023,14764
01WeaklyCorrelated,n00050,R01000,s003,50,13214,FPTAS,23.6556,14764
01WeaklyCorrelated,n00050,R01000,s004,50,12263,Memoization,230.8515,13349
01WeaklyCorrelated,n00050,R01000,s004,50,12263,Tabulation,220.4765,13349
01WeaklyCorrelated,n00050,R01000,s004,50,12263,SpaceOptimised,148.3929,13349
01WeaklyCorrelated,n00050,R01000,s004,50,12263,Greedy,0.0257,13286
01WeaklyCorrelated,n00050,R01000,s004,50,12263,FPTAS,23.8396,13289
01WeaklyCorrelated,n00100,R01000,s000,100,29017,Memoization,1816.1822,31064
01WeaklyCorrelated,n00100,R01000,s000,100,29017,Tabulation,1186.2435,31064
01WeaklyCorrelated,n00100,R01000,s000,100,29017,SpaceOptimised,802.8108,31064
01WeaklyCorrelated,n00100,R01000,s000,100,29017,Greedy,0.0459,31012
01WeaklyCorrelated,n00100,R01000,s000,100,29017,FPTAS,262.4465,31007
01WeaklyCorrelated,n00100,R01000,s001,100,25391,Memoization,1612.0727,27624
01WeaklyCorrelated,n00100,R01000,s001,100,25391,Tabulation,1044.4245,27624
01WeaklyCorrelated,n00100,R01000,s001,100,25391,SpaceOptimised,706.0231,27624
01WeaklyCorrelated,n00100,R01000,s001,100,25391,Greedy,0.0912,27565
01WeaklyCorrelated,n00100,R01000,s001,100,25391,FPTAS,249.8528,27561
01WeaklyCorrelated,n00100,R01000,s002,100,27381,Memoization,1836.8339,29321
01WeaklyCorrelated,n00100,R01000,s002,100,27381,Tabulation,1113.4459,29321
01WeaklyCorrelated,n00100,R01000,s002,100,27381,SpaceOptimised,709.6884,29321
01WeaklyCorrelated,n00100,R01000,s002,100,27381,Greedy,0.0497,29301
01WeaklyCorrelated,n00100,R01000,s002,100,27381,FPTAS,206.4084,29264
01WeaklyCorrelated,n00100,R01000,s003,100,26811,Memoization,1567.4051,29073
01WeaklyCorrelated,n00100,R01000,s003,100,26811,Tabulation,1047.2444,29073
01WeaklyCorrelated,n00100,R01000,s003,100,26811,SpaceOptimised,750.8001,29073
01WeaklyCorrelated,n00100,R01000,s003,100,26811,Greedy,0.0456,29023
01WeaklyCorrelated,n00100,R01000,s003,100,26811,FPTAS,215.1407,28995
01WeaklyCorrelated,n00100,R01000,s004,100,23881,Memoization,1506.6556,26954
01WeaklyCorrelated,n00100,R01000,s004,100,23881,Tabulation,1153.7076,26954
01WeaklyCorrelated,n00100,R01000,s004,100,23881,SpaceOptimised,642.3187,26954
01WeaklyCorrelated,n00100,R01000,s004,100,23881,Greedy,0.0443,26911
01WeaklyCorrelated,n00100,R01000,s004,100,23881,FPTAS,202.717,26893
01WeaklyCorrelated,n00200,R01000,s000,200,51563,Memoization,6600.1735,56976
01WeaklyCorrelated,n00200,R01000,s000,200,51563,Tabulation,4440.9188,56976
01WeaklyCorrelated,n00200,R01000,s000,200,51563,SpaceOptimised,2771.5205,56976
01WeaklyCorrelated,n00200,R01000,s000,200,51563,Greedy,0.1995,56963
01WeaklyCorrelated,n00200,R01000,s000,200,51563,FPTAS,2346.1666,56907
01WeaklyCorrelated,n00200,R01000,s001,200,48106,Memoization,6825.8883,53514
01WeaklyCorrelated,n00200,R01000,s001,200,48106,Tabulation,3974.0121,53514
01WeaklyCorrelated,n00200,R01000,s001,200,48106,SpaceOptimised,2859.1022,53514
01WeaklyCorrelated,n00200,R01000,s001,200,48106,Greedy,0.0892,53512
01WeaklyCorrelated,n00200,R01000,s001,200,48106,FPTAS,1912.8583,53449
01WeaklyCorrelated,n00200,R01000,s002,200,49000,Memoization,6701.5668,54414
01WeaklyCorrelated,n00200,R01000,s002,200,49000,Tabulation,3999.4179,54414
01WeaklyCorrelated,n00200,R01000,s002,200,49000,SpaceOptimised,3078.9915,54414
01WeaklyCorrelated,n00200,R01000,s002,200,49000,Greedy,0.2377,54380
01WeaklyCorrelated,n00200,R01000,s002,200,49000,FPTAS,2058.1329,54339
01WeaklyCorrelated,n00200,R01000,s003,200,50855,Memoization,6883.5981,55912
01WeaklyCorrelated,n00200,R01000,s003,200,50855,Tabulation,4708.287,55912
01WeaklyCorrelated,n00200,R01000,s003,200,50855,SpaceOptimised,3418.6779,55912
01WeaklyCorrelated,n00200,R01000,s003,200,50855,Greedy,0.1168,55901
01WeaklyCorrelated,n00200,R01000,s003,200,50855,FPTAS,2016.4987,55847
01WeaklyCorrelated,n00200,R01000,s004,200,49428,Memoization,7672.8534,55297
01WeaklyCorrelated,n00200,R01000,s004,200,49428,Tabulation,4553.3515,55297
01WeaklyCorrelated,n00200,R01000,s004,200,49428,SpaceOptimised,3304.142,55297
01WeaklyCorrelated,n00200,R01000,s004,200,49428,Greedy,0.1166,55252
01WeaklyCorrelated,n00200,R01000,s004,200,49428,FPTAS,2437.3706,55223
02StronglyCorrelated,n00050,R01000,s000,50,14239,Memoization,413.5803,17539
02StronglyCorrelated,n00050,R01000,s000,50,14239,Tabulation,300.1392,17539
02StronglyCorrelated,n00050,R01000,s000,50,14239,SpaceOptimised,198.0098,17539
02StronglyCorrelated,n00050,R01000,s000,50,14239,Greedy,0.0298,17176
02StronglyCorrelated,n00050,R01000,s000,50,14239,FPTAS,33.8123,17452
02StronglyCorrelated,n00050,R01000,s001,50,11793,Memoization,235.2469,15293
02StronglyCorrelated,n00050,R01000,s001,50,11793,Tabulation,256.1,15293
02StronglyCorrelated,n00050,R01000,s001,50,11793,SpaceOptimised,153.3332,15293
02StronglyCorrelated,n00050,R01000,s001,50,11793,Greedy,0.0296,14632
02StronglyCorrelated,n00050,R01000,s001,50,11793,FPTAS,27.7203,15214
02StronglyCorrelated,n00050,R01000,s002,50,13570,Memoization,267.624,16970
02StronglyCorrelated,n00050,R01000,s002,50,13570,Tabulation,275.19,16970
02StronglyCorrelated,n00050,R01000,s002,50,13570,SpaceOptimised,194.8151,16970
02StronglyCorrelated,n00050,R01000,s002,50,13570,Greedy,0.0323,16651
02StronglyCorrelated,n00050,R01000,s002,50,13570,FPTAS,33.3789,16891
02StronglyCorrelated,n00050,R01000,s003,50,13214,Memoization,256.2,16614
02StronglyCorrelated,n00050,R01000,s003,50,13214,Tabulation,284.2883,16614
02StronglyCorrelated,n00050,R01000,s003,50,13214,SpaceOptimised,206.1245,16614
02StronglyCorrelated,n00050,R01000,s003,50,13214,Greedy,0.0288,16465
02StronglyCorrelated,n00050,R01000,s003,50,13214,FPTAS,35.6784,16522
02StronglyCorrelated,n00050,R01000,s004,50,12263,Memoization,327.0385,15763
02StronglyCorrelated,n00050,R01000,s004,50,12263,Tabulation,263.9995,15763
02StronglyCorrelated,n00050,R01000,s004,50,12263,SpaceOptimised,150.7745,15763
02StronglyCorrelated,n00050,R01000,s004,50,12263,Greedy,0.1857,15431
02StronglyCorrelated,n00050,R01000,s004,50,12263,FPTAS,48.3206,15690
02StronglyCorrelated,n00100,R01000,s000,100,29017,Memoization,1899.0938,35617
02StronglyCorrelated,n00100,R01000,s000,100,29017,Tabulation,1124.8501,35617
02StronglyCorrelated,n00100,R01000,s000,100,29017,SpaceOptimised,954.1339,35617
02StronglyCorrelated,n00100,R01000,s000,100,29017,Greedy,0.0726,35372
02StronglyCorrelated,n00100,R01000,s000,100,29017,FPTAS,332.9763,35518
02StronglyCorrelated,n00100,R01000,s001,100,25391,Memoization,2132.2328,32291
02StronglyCorrelated,n00100,R01000,s001,100,25391,Tabulation,1409.8046,32291
02StronglyCorrelated,n00100,R01000,s001,100,25391,SpaceOptimised,806.1955,32291
02StronglyCorrelated,n00100,R01000,s001,100,25391,Greedy,0.0551,31928
02StronglyCorrelated,n00100,R01000,s001,100,25391,FPTAS,333.9262,32194
02StronglyCorrelated,n00100,R01000,s002,100,27381,Memoization,1980.5703,34181
02StronglyCorrelated,n00100,R01000,s002,100,27381,Tabulation,1088.1983,34181
02StronglyCorrelated,n00100,R01000,s002,100,27381,SpaceOptimised,901.6427,34181
02StronglyCorrelated,n00100,R01000,s002,100,27381,Greedy,0.0667,33955
02StronglyCorrelated,n00100,R01000,s002,100,27381,FPTAS,328.3956,34101
02StronglyCorrelated,n00100,R01000,s003,100,26811,Memoization,1714.2046,33711
02StronglyCorrelated,n00100,R01000,s003,100,26811,Tabulation,1153.23,33711
02StronglyCorrelated,n00100,R01000,s003,100,26811,SpaceOptimised,930.7419,33711
02StronglyCorrelated,n00100,R01000,s003,100,26811,Greedy,0.0525,33394
02StronglyCorrelated,n00100,R01000,s003,100,26811,FPTAS,394.1319,33626
02StronglyCorrelated,n00100,R01000,s004,100,23881,Memoization,1725.006,30981
02StronglyCorrelated,n00100,R01000,s004,100,23881,Tabulation,1107.2292,30981
02StronglyCorrelated,n00100,R01000,s004,100,23881,SpaceOptimised,896.7396,30981
02StronglyCorrelated,n00100,R01000,s004,100,23881,Greedy,0.0628,30287
02StronglyCorrelated,n00100,R01000,s004,100,23881,FPTAS,614.0048,30903
02StronglyCorrelated,n00200,R01000,s000,200,51563,Memoization,9369.3236,65363
02StronglyCorrelated,n00200,R01000,s000,200,51563,Tabulation,5520.6465,65363
02StronglyCorrelated,n00200,R01000,s000,200,51563,SpaceOptimised,3598.2566,65363
02StronglyCorrelated,n00200,R01000,s000,200,51563,Greedy,0.1174,64949
02StronglyCorrelated,n00200,R01000,s000,200,51563,FPTAS,2592.7395,65261
02StronglyCorrelated,n00200,R01000,s001,200,48106,Memoization,6715.6185,62206
02StronglyCorrelated,n00200,R01000,s001,200,48106,Tabulation,4543.3681,62206
02StronglyCorrelated,n00200,R01000,s001,200,48106,SpaceOptimised,2856.2475,62206
02StronglyCorrelated,n00200,R01000,s001,200,48106,Greedy,0.26,61956
02StronglyCorrelated,n00200,R01000,s001,200,48106,FPTAS,2222.4515,62111
02StronglyCorrelated,n00200,R01000,s002,200,49000,Memoization,7285.1229,63100
02StronglyCorrelated,n00200,R01000,s002,200,49000,Tabulation,4256.7011,63100
02StronglyCorrelated,n00200,R01000,s002,200,49000,SpaceOptimised,2823.9944,63100
02StronglyCorrelated,n00200,R01000,s002,200,49000,Greedy,0.1029,62457
02StronglyCorrelated,n00200,R01000,s002,200,49000,FPTAS,2465.8484,63005
02StronglyCorrelated,n00200,R01000,s003,200,50855,Memoization,7368.3034,64755
02StronglyCorrelated,n00200,R01000,s003,200,50855,Tabulation,4556.6316,64755
02StronglyCorrelated,n00200,R01000,s003,200,50855,SpaceOptimised,3567.7181,64755
02StronglyCorrelated,n00200,R01000,s003,200,50855,Greedy,0.1962,64168
02StronglyCorrelated,n00200,R01000,s003,200,50855,FPTAS,2475.9485,64663
02StronglyCorrelated,n00200,R01000,s004,200,49428,Memoization,7061.4926,63728
02StronglyCorrelated,n00200,R01000,s004,200,49428,Tabulation,4118.7318,63728
02StronglyCorrelated,n00200,R01000,s004,200,49428,SpaceOptimised,3033.2183,63728
02StronglyCorrelated,n00200,R01000,s004,200,49428,Greedy,0.1758,63555
02StronglyCorrelated,n00200,R01000,s004,200,49428,FPTAS,2426.1601,63638
03InverseStronglyCorrelated,n00050,R01000,s000,50,16714,Memoization,416.0458,14914
03InverseStronglyCorrelated,n00050,R01000,s000,50,16714,Tabulation,369.4447,14914
03InverseStronglyCorrelated,n00050,R01000,s000,50,16714,SpaceOptimised,301.5783,14914
03InverseStronglyCorrelated,n00050,R01000,s000,50,16714,Greedy,0.0325,14902
03InverseStronglyCorrelated,n00050,R01000,s000,50,16714,FPTAS,36.7541,14872
03InverseStronglyCorrelated,n00050,R01000,s001,50,14268,Memoization,309.0714,12691
03InverseStronglyCorrelated,n00050,R01000,s001,50,14268,Tabulation,309.4681,12691
03InverseStronglyCorrelated,n00050,R01000,s001,50,14268,SpaceOptimised,199.6482,12691
03InverseStronglyCorrelated,n00050,R01000,s001,50,14268,Greedy,0.0294,12691
03InverseStronglyCorrelated,n00050,R01000,s001,50,14268,FPTAS,23.2896,12650
03InverseStronglyCorrelated,n00050,R01000,s002,50,16046,Memoization,317.1063,14346
03InverseStronglyCorrelated,n00050,R01000,s002,50,16046,Tabulation,332.4401,14346
03InverseStronglyCorrelated,n00050,R01000,s002,50,16046,SpaceOptimised,234.5626,14346
03InverseStronglyCorrelated,n00050,R01000,s002,50,16046,Greedy,0.0269,14344
03InverseStronglyCorrelated,n00050,R01000,s002,50,16046,FPTAS,27.4386,14315
03InverseStronglyCorrelated,n00050,R01000,s003,50,15690,Memoization,311.283,13990
03InverseStronglyCorrelated,n00050,R01000,s003,50,15690,Tabulation,343.3136,13990
03InverseStronglyCorrelated,n00050,R01000,s003,50,15690,SpaceOptimised,213.7014,13990
03InverseStronglyCorrelated,n00050,R01000,s003,50,15690,Greedy,0.0274,13980
03InverseStronglyCorrelated,n00050,R01000,s003,50,15690,FPTAS,32.3372,13939
03InverseStronglyCorrelated,n00050,R01000,s004,50,14738,Memoization,292.1078,13138
03InverseStronglyCorrelated,n00050,R01000,s004,50,14738,Tabulation,264.8824,13138
03InverseStronglyCorrelated,n00050,R01000,s004,50,14738,SpaceOptimised,206.267,13138
03InverseStronglyCorrelated,n00050,R01000,s004,50,14738,Greedy,0.025,13118
03InverseStronglyCorrelated,n00050,R01000,s004,50,14738,FPTAS,27.9619,13104
03InverseStronglyCorrelated,n00100,R01000,s000,100,33968,Memoization,2318.9174,30468
03InverseStronglyCorrelated,n00100,R01000,s000,100,33968,Tabulation,1426.3423,30468
03InverseStronglyCorrelated,n00100,R01000,s000,100,33968,SpaceOptimised,1005.1509,30468
03InverseStronglyCorrelated,n00100,R01000,s000,100,33968,Greedy,0.0605,30463
03InverseStronglyCorrelated,n00100,R01000,s000,100,33968,FPTAS,314.058,30425
03InverseStronglyCorrelated,n00100,R01000,s001,100,30342,Memoization,1918.6924,27042
03InverseStronglyCorrelated,n00100,R01000,s001,100,30342,Tabulation,1217.2573,27042
03InverseStronglyCorrelated,n00100,R01000,s001,100,30342,SpaceOptimised,870.6455,27042
03InverseStronglyCorrelated,n00100,R01000,s001,100,30342,Greedy,0.0604,27011
03InverseStronglyCorrelated,n00100,R01000,s001,100,30342,FPTAS,221.2716,26999
03InverseStronglyCorrelated,n00100,R01000,s002,100,32332,Memoization,1948.1961,28932
03InverseStronglyCorrelated,n00100,R01000,s002,100,32332,Tabulation,1254.006,28932
03InverseStronglyCorrelated,n00100,R01000,s002,100,32332,SpaceOptimised,859.8738,28932
03InverseStronglyCorrelated,n00100,R01000,s002,100,32332,Greedy,0.0676,28918
03InverseStronglyCorrelated,n00100,R01000,s002,100,32332,FPTAS,244.477,28901
03InverseStronglyCorrelated,n00100,R01000,s003,100,31761,Memoization,1878.6358,28461
03InverseStronglyCorrelated,n00100,R01000,s003,100,31761,Tabulation,1260.0475,28461
03InverseStronglyCorrelated,n00100,R01000,s003,100,31761,SpaceOptimised,911.3741,28461
03InverseStronglyCorrelated,n00100,R01000,s003,100,31761,Greedy,0.095,28452
03InverseStronglyCorrelated,n00100,R01000,s003,100,31761,FPTAS,214.9424,28419
03InverseStronglyCorrelated,n00100,R01000,s004,100,28832,Memoization,2028.4412,25786
03InverseStronglyCorrelated,n00100,R01000,s004,100,28832,Tabulation,1108.7855,25786
03InverseStronglyCorrelated,n00100,R01000,s004,100,28832,SpaceOptimised,938.4958,25786
03InverseStronglyCorrelated,n00100,R01000,s004,100,28832,Greedy,0.0831,25786
03InverseStronglyCorrelated,n00100,R01000,s004,100,28832,FPTAS,237.8897,25753
03InverseStronglyCorrelated,n00200,R01000,s000,200,61464,Memoization,8376.4145,54964
03InverseStronglyCorrelated,n00200,R01000,s000,200,61464,Tabulation,5221.8161,54964
03InverseStronglyCorrelated,n00200,R01000,s000,200,61464,SpaceOptimised,3573.9261,54964
03InverseStronglyCorrelated,n00200,R01000,s000,200,61464,Greedy,0.104,54964
03InverseStronglyCorrelated,n00200,R01000,s000,200,61464,FPTAS,2197.2341,54920
03InverseStronglyCorrelated,n00200,R01000,s001,200,58007,Memoization,7476.5477,51707
03InverseStronglyCorrelated,n00200,R01000,s001,200,58007,Tabulation,4411.0401,51707
03InverseStronglyCorrelated,n00200,R01000,s001,200,58007,SpaceOptimised,3587.015,51707
03InverseStronglyCorrelated,n00200,R01000,s001,200,58007,Greedy,0.1512,51700
03InverseStronglyCorrelated,n00200,R01000,s001,200,58007,FPTAS,1755.3309,51669
03InverseStronglyCorrelated,n00200,R01000,s002,200,58900,Memoization,8059.3515,52700
03InverseStronglyCorrelated,n00200,R01000,s002,200,58900,Tabulation,4626.0652,52700
03InverseStronglyCorrelated,n00200,R01000,s002,200,58900,SpaceOptimised,3172.9869,52700
03InverseStronglyCorrelated,n00200,R01000,s002,200,58900,Greedy,0.1231,52693
03InverseStronglyCorrelated,n00200,R01000,s002,200,58900,FPTAS,1871.2822,52661
03InverseStronglyCorrelated,n00200,R01000,s003,200,60756,Memoization,11808.7449,54356
03InverseStronglyCorrelated,n00200,R01000,s003,200,60756,Tabulation,4778.744,54356
03InverseStronglyCorrelated,n00200,R01000,s003,200,60756,SpaceOptimised,4748.6096,54356
03InverseStronglyCorrelated,n00200,R01000,s003,200,60756,Greedy,0.1811,54350
03InverseStronglyCorrelated,n00200,R01000,s003,200,60756,FPTAS,2049.9779,54315
03InverseStronglyCorrelated,n00200,R01000,s004,200,59329,Memoization,9565.8161,53229
03InverseStronglyCorrelated,n00200,R01000,s004,200,59329,Tabulation,4930.0685,53229
03InverseStronglyCorrelated,n00200,R01000,s004,200,59329,SpaceOptimised,4048.4444,53229
03InverseStronglyCorrelated,n00200,R01000,s004,200,59329,Greedy,0.1027,53226
03InverseStronglyCorrelated,n00200,R01000,s004,200,59329,FPTAS,1877.9823,53197
04AlmostStronglyCorrelated,n00050,R01000,s000,50,14239,Memoization,268.9645,17556
04AlmostStronglyCorrelated,n00050,R01000,s000,50,14239,Tabulation,271.093,17556
04AlmostStronglyCorrelated,n00050,R01000,s000,50,14239,SpaceOptimised,197.2865,17556
04AlmostStronglyCorrelated,n00050,R01000,s000,50,14239,Greedy,0.0328,17188
04AlmostStronglyCorrelated,n00050,R01000,s000,50,14239,FPTAS,38.3339,17463
04AlmostStronglyCorrelated,n00050,R01000,s001,50,11793,Memoization,237.0733,15308
04AlmostStronglyCorrelated,n00050,R01000,s001,50,11793,Tabulation,225.3515,15308
04AlmostStronglyCorrelated,n00050,R01000,s001,50,11793,SpaceOptimised,202.9623,15308
04AlmostStronglyCorrelated,n00050,R01000,s001,50,11793,Greedy,0.0254,14638
04AlmostStronglyCorrelated,n00050,R01000,s001,50,11793,FPTAS,25.8734,15225
04AlmostStronglyCorrelated,n00050,R01000,s002,50,13570,Memoization,280.2207,16983
04AlmostStronglyCorrelated,n00050,R01000,s002,50,13570,Tabulation,291.2524,16983
04AlmostStronglyCorrelated,n00050,R01000,s002,50,13570,SpaceOptimised,175.7964,16983
04AlmostStronglyCorrelated,n00050,R01000,s002,50,13570,Greedy,0.0281,16665
04AlmostStronglyCorrelated,n00050,R01000,s002,50,13570,FPTAS,30.6672,16901
04AlmostStronglyCorrelated,n00050,R01000,s003,50,13214,Memoization,291.4698,16616
04AlmostStronglyCorrelated,n00050,R01000,s003,50,13214,Tabulation,289.2228,16616
04AlmostStronglyCorrelated,n00050,R01000,s003,50,13214,SpaceOptimised,220.7126,16616
04AlmostStronglyCorrelated,n00050,R01000,s003,50,13214,Greedy,0.0331,16463
04AlmostStronglyCorrelated,n00050,R01000,s003,50,13214,FPTAS,33.6146,16509
04AlmostStronglyCorrelated,n00050,R01000,s004,50,12263,Memoization,279.9619,15764
04AlmostStronglyCorrelated,n00050,R01000,s004,50,12263,Tabulation,278.9011,15764
04AlmostStronglyCorrelated,n00050,R01000,s004,50,12263,SpaceOptimised,183.8796,15764
04AlmostStronglyCorrelated,n00050,R01000,s004,50,12263,Greedy,0.0374,15429
04AlmostStronglyCorrelated,n00050,R01000,s004,50,12263,FPTAS,42.8358,15663
04AlmostStronglyCorrelated,n00100,R01000,s000,100,29017,Memoization,2208.5792,35611
04AlmostStronglyCorrelated,n00100,R01000,s000,100,29017,Tabulation,1250.3589,35611
04AlmostStronglyCorrelated,n00100,R01000,s000,100,29017,SpaceOptimised,889.848,35611
04AlmostStronglyCorrelated,n00100,R01000,s000,100,29017,Greedy,0.0706,35363
04AlmostStronglyCorrelated,n00100,R01000,s000,100,29017,FPTAS,397.103,35518
04AlmostStronglyCorrelated,n00100,R01000,s001,100,25391,Memoization,2356.1596,32284
04AlmostStronglyCorrelated,n00100,R01000,s001,100,25391,Tabulation,1223.3858,32284
04AlmostStronglyCorrelated,n00100,R01000,s001,100,25391,SpaceOptimised,927.5998,32284
04AlmostStronglyCorrelated,n00100,R01000,s001,100,25391,Greedy,0.0922,31925
04AlmostStronglyCorrelated,n00100,R01000,s001,100,25391,FPTAS,409.6048,32195
04AlmostStronglyCorrelated,n00100,R01000,s002,100,27381,Memoization,2296.0234,34177
04AlmostStronglyCorrelated,n00100,R01000,s002,100,27381,Tabulation,1425.1755,34177
04AlmostStronglyCorrelated,n00100,R01000,s002,100,27381,SpaceOptimised,833.4108,34177
04AlmostStronglyCorrelated,n00100,R01000,s002,100,27381,Greedy,0.0548,33969
04AlmostStronglyCorrelated,n00100,R01000,s002,100,27381,FPTAS,300.8264,34087
04AlmostStronglyCorrelated,n00100,R01000,s003,100,26811,Memoization,2093.559,33719
04AlmostStronglyCorrelated,n00100,R01000,s003,100,26811,Tabulation,1536.6911,33719
04AlmostStronglyCorrelated,n00100,R01000,s003,100,26811,SpaceOptimised,891.4033,33719
04AlmostStronglyCorrelated,n00100,R01000,s003,100,26811,Greedy,0.0572,33414
04AlmostStronglyCorrelated,n00100,R01000,s003,100,26811,FPTAS,313.992,33628
04AlmostStronglyCorrelated,n00100,R01000,s004,100,23881,Memoization,1855.1671,31001
04AlmostStronglyCorrelated,n00100,R01000,s004,100,23881,Tabulation,1356.9185,31001
04AlmostStronglyCorrelated,n00100,R01000,s004,100,23881,SpaceOptimised,894.3245,31001
04AlmostStronglyCorrelated,n00100,R01000,s004,100,23881,Greedy,0.0614,30300
04AlmostStronglyCorrelated,n00100,R01000,s004,100,23881,FPTAS,262.9916,30901
04AlmostStronglyCorrelated,n00200,R01000,s000,200,51563,Memoization,9274.263,65385
04AlmostStronglyCorrelated,n00200,R01000,s000,200,51563,Tabulation,5854.5586,65385
04AlmostStronglyCorrelated,n00200,R01000,s000,200,51563,SpaceOptimised,3659.3243,65385
04AlmostStronglyCorrelated,n00200,R01000,s000,200,51563,Greedy,0.1687,64954
04AlmostStronglyCorrelated,n00200,R01000,s000,200,51563,FPTAS,2291.4212,65287
04AlmostStronglyCorrelated,n00200,R01000,s001,200,48106,Memoization,7136.153,62209
04AlmostStronglyCorrelated,n00200,R01000,s001,200,48106,Tabulation,4873.8779,62209
04AlmostStronglyCorrelated,n00200,R01000,s001,200,48106,SpaceOptimised,3306.1835,62209
04AlmostStronglyCorrelated,n00200,R01000,s001,200,48106,Greedy,0.0944,61950
04AlmostStronglyCorrelated,n00200,R01000,s001,200,48106,FPTAS,2215.1007,62111
04AlmostStronglyCorrelated,n00200,R01000,s002,200,49000,Memoization,5550.3407,63145
04AlmostStronglyCorrelated,n00200,R01000,s002,200,49000,Tabulation,3610.8145,63145
04AlmostStronglyCorrelated,n00200,R01000,s002,200,49000,SpaceOptimised,3093.2185,63145
04AlmostStronglyCorrelated,n00200,R01000,s002,200,49000,Greedy,0.097,62494
04AlmostStronglyCorrelated,n00200,R01000,s002,200,49000,FPTAS,2333.3148,63043
04AlmostStronglyCorrelated,n00200,R01000,s003,200,50855,Memoization,7897.105,64767
04AlmostStronglyCorrelated,n00200,R01000,s003,200,50855,Tabulation,5966.442,64767
04AlmostStronglyCorrelated,n00200,R01000,s003,200,50855,SpaceOptimised,3855.6249,64767
04AlmostStronglyCorrelated,n00200,R01000,s003,200,50855,Greedy,0.0984,64161
04AlmostStronglyCorrelated,n00200,R01000,s003,200,50855,FPTAS,2921.567,64670
04AlmostStronglyCorrelated,n00200,R01000,s004,200,49428,Memoization,6761.8655,63763
04AlmostStronglyCorrelated,n00200,R01000,s004,200,49428,Tabulation,3915.7321,63763
04AlmostStronglyCorrelated,n00200,R01000,s004,200,49428,SpaceOptimised,2952.1327,63763
04AlmostStronglyCorrelated,n00200,R01000,s004,200,49428,Greedy,0.1047,63592
04AlmostStronglyCorrelated,n00200,R01000,s004,200,49428,FPTAS,2204.8713,63659
05SubsetSum,n00050,R01000,s000,50,14239,Memoization,281.1538,14239
05SubsetSum,n00050,R01000,s000,50,14239,Tabulation,296.6263,14239
05SubsetSum,n00050,R01000,s000,50,14239,SpaceOptimised,270.4505,14239
05SubsetSum,n00050,R01000,s000,50,14239,Greedy,0.1217,14172
05SubsetSum,n00050,R01000,s000,50,14239,FPTAS,37.3893,14209
05SubsetSum,n00050,R01000,s001,50,11793,Memoization,228.2157,11793
05SubsetSum,n00050,R01000,s001,50,11793,Tabulation,253.6112,11793
05SubsetSum,n00050,R01000,s001,50,11793,SpaceOptimised,167.908,11793
05SubsetSum,n00050,R01000,s001,50,11793,Greedy,0.0234,11775
05SubsetSum,n00050,R01000,s001,50,11793,FPTAS,27.6522,11767
05SubsetSum,n00050,R01000,s002,50,13570,Memoization,309.5738,13570
05SubsetSum,n00050,R01000,s002,50,13570,Tabulation,249.0431,13570
05SubsetSum,n00050,R01000,s002,50,13570,SpaceOptimised,244.8376,13570
05SubsetSum,n00050,R01000,s002,50,13570,Greedy,0.0237,13525
05SubsetSum,n00050,R01000,s002,50,13570,FPTAS,41.704,13546
05SubsetSum,n00050,R01000,s003,50,13214,Memoization,403.567,13214
05SubsetSum,n00050,R01000,s003,50,13214,Tabulation,329.4857,13214
05SubsetSum,n00050,R01000,s003,50,13214,SpaceOptimised,197.2559,13214
05SubsetSum,n00050,R01000,s003,50,13214,Greedy,0.0241,13208
05SubsetSum,n00050,R01000,s003,50,13214,FPTAS,30.6518,13177
05SubsetSum,n00050,R01000,s004,50,12263,Memoization,300.8592,12263
05SubsetSum,n00050,R01000,s004,50,12263,Tabulation,262.3675,12263
05SubsetSum,n00050,R01000,s004,50,12263,SpaceOptimised,175.8771,12263
05SubsetSum,n00050,R01000,s004,50,12263,Greedy,0.0249,12241
05SubsetSum,n00050,R01000,s004,50,12263,FPTAS,30.3305,12239
05SubsetSum,n00100,R01000,s000,100,29017,Memoization,2129.9268,29017
05SubsetSum,n00100,R01000,s000,100,29017,Tabulation,1468.5752,29017
05SubsetSum,n00100,R01000,s000,100,29017,SpaceOptimised,941.9152,29017
05SubsetSum,n00100,R01000,s000,100,29017,Greedy,0.0392,28958
05SubsetSum,n00100,R01000,s000,100,29017,FPTAS,247.004,28990
05SubsetSum,n00100,R01000,s001,100,25391,Memoization,1481.7855,25391
05SubsetSum,n00100,R01000,s001,100,25391,Tabulation,993.8471,25391
05SubsetSum,n00100,R01000,s001,100,25391,SpaceOptimised,781.3787,25391
05SubsetSum,n00100,R01000,s001,100,25391,Greedy,0.044,25383
05SubsetSum,n00100,R01000,s001,100,25391,FPTAS,252.4406,25361
05SubsetSum,n00100,R01000,s002,100,27381,Memoization,1580.7443,27381
05SubsetSum,n00100,R01000,s002,100,27381,Tabulation,1116.1193,27381
05SubsetSum,n00100,R01000,s002,100,27381,SpaceOptimised,742.9869,27381
05SubsetSum,n00100,R01000,s002,100,27381,Greedy,0.1007,27369
05SubsetSum,n00100,R01000,s002,100,27381,FPTAS,262.8852,27357
05SubsetSum,n00100,R01000,s003,100,26811,Memoization,1758.0796,26811
05SubsetSum,n00100,R01000,s003,100,26811,Tabulation,1143.9849,26811
05SubsetSum,n00100,R01000,s003,100,26811,SpaceOptimised,846.6265,26811
05SubsetSum,n00100,R01000,s003,100,26811,Greedy,0.0431,26797
05SubsetSum,n00100,R01000,s003,100,26811,FPTAS,229.2008,26783
05SubsetSum,n00100,R01000,s004,100,23881,Memoization,1417.636,23881
05SubsetSum,n00100,R01000,s004,100,23881,Tabulation,889.4163,23881
05SubsetSum,n00100,R01000,s004,100,23881,SpaceOptimised,658.6384,23881
05SubsetSum,n00100,R01000,s004,100,23881,Greedy,0.0482,23866
05SubsetSum,n00100,R01000,s004,100,23881,FPTAS,199.6035,23862
05SubsetSum,n00200,R01000,s000,200,51563,Memoization,7311.7223,51563
05SubsetSum,n00200,R01000,s000,200,51563,Tabulation,4934.4121,51563
05SubsetSum,n00200,R01000,s000,200,51563,SpaceOptimised,4289.393,51563
05SubsetSum,n00200,R01000,s000,200,51563,Greedy,0.0757,51508
05SubsetSum,n00200,R01000,s000,200,51563,FPTAS,2196.9174,51536
05SubsetSum,n00200,R01000,s001,200,48106,Memoization,8280.6753,48106
05SubsetSum,n00200,R01000,s001,200,48106,Tabulation,4363.0256,48106
05SubsetSum,n00200,R01000,s001,200,48106,SpaceOptimised,3248.9977,48106
05SubsetSum,n00200,R01000,s001,200,48106,Greedy,0.0733,48106
05SubsetSum,n00200,R01000,s001,200,48106,FPTAS,1909.6547,48081
05SubsetSum,n00200,R01000,s002,200,49000,Memoization,7041.5855,49000
05SubsetSum,n00200,R01000,s002,200,49000,Tabulation,3971.7089,49000
05SubsetSum,n00200,R01000,s002,200,49000,SpaceOptimised,2924.4753,49000
05SubsetSum,n00200,R01000,s002,200,49000,Greedy,0.0712,48984
05SubsetSum,n00200,R01000,s002,200,49000,FPTAS,1656.0894,48977
05SubsetSum,n00200,R01000,s003,200,50855,Memoization,8362.0081,50855
05SubsetSum,n00200,R01000,s003,200,50855,Tabulation,4846.1348,50855
05SubsetSum,n00200,R01000,s003,200,50855,SpaceOptimised,3637.5992,50855
05SubsetSum,n00200,R01000,s003,200,50855,Greedy,0.1159,50841
05SubsetSum,n00200,R01000,s003,200,50855,FPTAS,2079.0728,50829
05SubsetSum,n00200,R01000,s004,200,49428,Memoization,8866.9851,49428
05SubsetSum,n00200,R01000,s004,200,49428,Tabulation,5214.389,49428
05SubsetSum,n00200,R01000,s004,200,49428,SpaceOptimised,4687.8908,49428
05SubsetSum,n00200,R01000,s004,200,49428,Greedy,0.1477,49428
05SubsetSum,n00200,R01000,s004,200,49428,FPTAS,2511.5413,49407
07SpannerUncorrelated,n00050,R01000,s000,50,4569,Memoization,172.2796,13472
07SpannerUncorrelated,n00050,R01000,s000,50,4569,Tabulation,182.2885,13472
07SpannerUncorrelated,n00050,R01000,s000,50,4569,SpaceOptimised,118.0462,13472
07SpannerUncorrelated,n00050,R01000,s000,50,4569,Greedy,0.0343,13464
07SpannerUncorrelated,n00050,R01000,s000,50,4569,FPTAS,64.1334,13416
07SpannerUncorrelated,n00050,R01000,s001,50,6638,Memoization,13.5217,11948
07SpannerUncorrelated,n00050,R01000,s001,50,6638,Tabulation,229.0192,11948
07SpannerUncorrelated,n00050,R01000,s001,50,6638,SpaceOptimised,143.9977,11948
07SpannerUncorrelated,n00050,R01000,s001,50,6638,Greedy,0.0527,11948
07SpannerUncorrelated,n00050,R01000,s001,50,6638,FPTAS,24.1331,11942
07SpannerUncorrelated,n00050,R01000,s002,50,936,Memoization,23.7533,15196
07SpannerUncorrelated,n00050,R01000,s002,50,936,Tabulation,31.2008,15196
07SpannerUncorrelated,n00050,R01000,s002,50,936,SpaceOptimised,15.8709,15196
07SpannerUncorrelated,n00050,R01000,s002,50,936,Greedy,0.0344,15110
07SpannerUncorrelated,n00050,R01000,s002,50,936,FPTAS,42.6141,15190
07SpannerUncorrelated,n00050,R01000,s003,50,6758,Memoization,82.0882,6125
07SpannerUncorrelated,n00050,R01000,s003,50,6758,Tabulation,242.1505,6125
07SpannerUncorrelated,n00050,R01000,s003,50,6758,SpaceOptimised,210.4204,6125
07SpannerUncorrelated,n00050,R01000,s003,50,6758,Greedy,0.0612,6069
07SpannerUncorrelated,n00050,R01000,s003,50,6758,FPTAS,49.7439,6117
07SpannerUncorrelated,n00050,R01000,s004,50,3655,Memoization,85.0833,2238
07SpannerUncorrelated,n00050,R01000,s004,50,3655,Tabulation,150.4016,2238
07SpannerUncorrelated,n00050,R01000,s004,50,3655,SpaceOptimised,86.6809,2238
07SpannerUncorrelated,n00050,R01000,s004,50,3655,Greedy,0.0545,2235
07SpannerUncorrelated,n00050,R01000,s004,50,3655,FPTAS,37.2193,2229
07SpannerUncorrelated,n00100,R01000,s000,100,8751,Memoization,694.9258,24228
07SpannerUncorrelated,n00100,R01000,s000,100,8751,Tabulation,576.3615,24228
07SpannerUncorrelated,n00100,R01000,s000,100,8751,SpaceOptimised,376.6902,24228
07SpannerUncorrelated,n00100,R01000,s000,100,8751,Greedy,0.1095,24228
07SpannerUncorrelated,n00100,R01000,s000,100,8751,FPTAS,371.4312,24179
07SpannerUncorrelated,n00100,R01000,s001,100,11944,Memoization,49.2255,22147
07SpannerUncorrelated,n00100,R01000,s001,100,11944,Tabulation,747.0896,22147
07SpannerUncorrelated,n00100,R01000,s001,100,11944,SpaceOptimised,590.2585,22147
07SpannerUncorrelated,n00100,R01000,s001,100,11944,Greedy,0.1052,22147
07SpannerUncorrelated,n00100,R01000,s001,100,11944,FPTAS,215.7555,22143
07SpannerUncorrelated,n00100,R01000,s002,100,1673,Memoization,165.7032,28162
07SpannerUncorrelated,n00100,R01000,s002,100,1673,Tabulation,143.8406,28162
07SpannerUncorrelated,n00100,R01000,s002,100,1673,SpaceOptimised,91.1067,28162
07SpannerUncorrelated,n00100,R01000,s002,100,1673,Greedy,0.1066,28162
07SpannerUncorrelated,n00100,R01000,s002,100,1673,FPTAS,387.7186,28159
07SpannerUncorrelated,n00100,R01000,s003,100,12733,Memoization,398.4034,11536
07SpannerUncorrelated,n00100,R01000,s003,100,12733,Tabulation,835.9231,11536
07SpannerUncorrelated,n00100,R01000,s003,100,12733,SpaceOptimised,681.605,11536
07SpannerUncorrelated,n00100,R01000,s003,100,12733,Greedy,0.1072,11466
07SpannerUncorrelated,n00100,R01000,s003,100,12733,FPTAS,338.7199,11524
07SpannerUncorrelated,n00100,R01000,s004,100,7265,Memoization,462.2679,4485
07SpannerUncorrelated,n00100,R01000,s004,100,7265,Tabulation,526.1461,4485
07SpannerUncorrelated,n00100,R01000,s004,100,7265,SpaceOptimised,278.84,4485
07SpannerUncorrelated,n00100,R01000,s004,100,7265,Greedy,0.0986,4485
07SpannerUncorrelated,n00100,R01000,s004,100,7265,FPTAS,271.9695,4477
07SpannerUncorrelated,n00200,R01000,s000,200,17280,Memoization,3623.8986,47836
07SpannerUncorrelated,n00200,R01000,s000,200,17280,Tabulation,1998.9034,47836
07SpannerUncorrelated,n00200,R01000,s000,200,17280,SpaceOptimised,1913.2271,47836
07SpannerUncorrelated,n00200,R01000,s000,200,17280,Greedy,0.3514,47836
07SpannerUncorrelated,n00200,R01000,s000,200,17280,FPTAS,2577.3981,47789
07SpannerUncorrelated,n00200,R01000,s001,200,25949,Memoization,207.9431,43417
07SpannerUncorrelated,n00200,R01000,s001,200,25949,Tabulation,2888.4468,43417
07SpannerUncorrelated,n00200,R01000,s001,200,25949,SpaceOptimised,2307.7961,43417
07SpannerUncorrelated,n00200,R01000,s001,200,25949,Greedy,0.3263,43417
07SpannerUncorrelated,n00200,R01000,s001,200,25949,FPTAS,1240.3765,43409
07SpannerUncorrelated,n00200,R01000,s002,200,3321,Memoization,669.6379,55175
07SpannerUncorrelated,n00200,R01000,s002,200,3321,Tabulation,377.518,55175
07SpannerUncorrelated,n00200,R01000,s002,200,3321,SpaceOptimised,298.343,55175
07SpannerUncorrelated,n00200,R01000,s002,200,3321,Greedy,0.2423,55175
07SpannerUncorrelated,n00200,R01000,s002,200,3321,FPTAS,2619.6942,55168
07SpannerUncorrelated,n00200,R01000,s003,200,24625,Memoization,1641.6786,22344
07SpannerUncorrelated,n00200,R01000,s003,200,24625,Tabulation,2998.3364,22344
07SpannerUncorrelated,n00200,R01000,s003,200,24625,SpaceOptimised,1907.4523,22344
07SpannerUncorrelated,n00200,R01000,s003,200,24625,Greedy,0.1687,22344
07SpannerUncorrelated,n00200,R01000,s003,200,24625,FPTAS,2272.8487,22334
07SpannerUncorrelated,n00200,R01000,s004,200,13840,Memoization,1212.786,8580
07SpannerUncorrelated,n00200,R01000,s004,200,13840,Tabulation,1841.4143,8580
07SpannerUncorrelated,n00200,R01000,s004,200,13840,SpaceOptimised,1142.4977,8580
07SpannerUncorrelated,n00200,R01000,s004,200,13840,Greedy,0.1213,8565
07SpannerUncorrelated,n00200,R01000,s004,200,13840,FPTAS,1653.3985,8567
08SpannerWeaklyCorrelated,n00050,R01000,s000,50,11459,Memoization,70.7653,10354
08SpannerWeaklyCorrelated,n00050,R01000,s000,50,11459,Tabulation,262.0022,10354
08SpannerWeaklyCorrelated,n00050,R01000,s000,50,11459,SpaceOptimised,196.9125,10354
08SpannerWeaklyCorrelated,n00050,R01000,s000,50,11459,Greedy,0.0339,10310
08SpannerWeaklyCorrelated,n00050,R01000,s000,50,11459,FPTAS,29.918,10324
08SpannerWeaklyCorrelated,n00050,R01000,s001,50,6502,Memoization,133.4148,15276
08SpannerWeaklyCorrelated,n00050,R01000,s001,50,6502,Tabulation,154.7754,15276
08SpannerWeaklyCorrelated,n00050,R01000,s001,50,6502,SpaceOptimised,131.0967,15276
08SpannerWeaklyCorrelated,n00050,R01000,s001,50,6502,Greedy,0.0353,15276
08SpannerWeaklyCorrelated,n00050,R01000,s001,50,6502,FPTAS,24.8576,15265
08SpannerWeaklyCorrelated,n00050,R01000,s002,50,13355,Memoization,189.5142,2480
08SpannerWeaklyCorrelated,n00050,R01000,s002,50,13355,Tabulation,398.8767,2480
08SpannerWeaklyCorrelated,n00050,R01000,s002,50,13355,SpaceOptimised,274.1226,2480
08SpannerWeaklyCorrelated,n00050,R01000,s002,50,13355,Greedy,0.1029,2455
08SpannerWeaklyCorrelated,n00050,R01000,s002,50,13355,FPTAS,41.4894,2480
08SpannerWeaklyCorrelated,n00050,R01000,s003,50,5402,Memoization,17.2658,10935
08SpannerWeaklyCorrelated,n00050,R01000,s003,50,5402,Tabulation,143.0137,10935
08SpannerWeaklyCorrelated,n00050,R01000,s003,50,5402,SpaceOptimised,81.3511,10935
08SpannerWeaklyCorrelated,n00050,R01000,s003,50,5402,Greedy,0.0337,10935
08SpannerWeaklyCorrelated,n00050,R01000,s003,50,5402,FPTAS,24.9762,10935
08SpannerWeaklyCorrelated,n00050,R01000,s004,50,2187,Memoization,12.5732,4992
08SpannerWeaklyCorrelated,n00050,R01000,s004,50,2187,Tabulation,42.3305,4992
08SpannerWeaklyCorrelated,n00050,R01000,s004,50,2187,SpaceOptimised,27.4344,4992
08SpannerWeaklyCorrelated,n00050,R01000,s004,50,2187,Greedy,0.0431,4992
08SpannerWeaklyCorrelated,n00050,R01000,s004,50,2187,FPTAS,22.7343,4992
08SpannerWeaklyCorrelated,n00100,R01000,s000,100,20835,Memoization,446.2004,20550
08SpannerWeaklyCorrelated,n00100,R01000,s000,100,20835,Tabulation,1136.4878,20550
08SpannerWeaklyCorrelated,n00100,R01000,s000,100,20835,SpaceOptimised,723.2455,20550
08SpannerWeaklyCorrelated,n00100,R01000,s000,100,20835,Greedy,0.0991,20550
08SpannerWeaklyCorrelated,n00100,R01000,s000,100,20835,FPTAS,209.1796,20550
08SpannerWeaklyCorrelated,n00100,R01000,s001,100,12015,Memoization,675.1779,27478
08SpannerWeaklyCorrelated,n00100,R01000,s001,100,12015,Tabulation,533.6936,27478
08SpannerWeaklyCorrelated,n00100,R01000,s001,100,12015,SpaceOptimised,356.799,27478
08SpannerWeaklyCorrelated,n00100,R01000,s001,100,12015,Greedy,0.0608,27478
08SpannerWeaklyCorrelated,n00100,R01000,s001,100,12015,FPTAS,187.6422,27466
08SpannerWeaklyCorrelated,n00100,R01000,s002,100,24329,Memoization,1259.8993,4452
08SpannerWeaklyCorrelated,n00100,R01000,s002,100,24329,Tabulation,1141.3772,4452
08SpannerWeaklyCorrelated,n00100,R01000,s002,100,24329,SpaceOptimised,747.6836,4452
08SpannerWeaklyCorrelated,n00100,R01000,s002,100,24329,Greedy,0.0743,4452
08SpannerWeaklyCorrelated,n00100,R01000,s002,100,24329,FPTAS,270.7922,4452
08SpannerWeaklyCorrelated,n00100,R01000,s003,100,9987,Memoization,78.3262,20610
08SpannerWeaklyCorrelated,n00100,R01000,s003,100,9987,Tabulation,357.8112,20610
08SpannerWeaklyCorrelated,n00100,R01000,s003,100,9987,SpaceOptimised,269.1731,20610
08SpannerWeaklyCorrelated,n00100,R01000,s003,100,9987,Greedy,0.0558,20610
08SpannerWeaklyCorrelated,n00100,R01000,s003,100,9987,FPTAS,133.933,20610
08SpannerWeaklyCorrelated,n00100,R01000,s004,100,4361,Memoization,72.1378,9953
08SpannerWeaklyCorrelated,n00100,R01000,s004,100,4361,Tabulation,149.883,9953
08SpannerWeaklyCorrelated,n00100,R01000,s004,100,4361,SpaceOptimised,100.941,9953
08SpannerWeaklyCorrelated,n00100,R01000,s004,100,4361,Greedy,0.0472,9953
08SpannerWeaklyCorrelated,n00100,R01000,s004,100,4361,FPTAS,130.8199,9952
08SpannerWeaklyCorrelated,n00200,R01000,s000,200,41138,Memoization,1567.8623,40575
08SpannerWeaklyCorrelated,n00200,R01000,s000,200,41138,Tabulation,4750.5158,40575
08SpannerWeaklyCorrelated,n00200,R01000,s000,200,41138,SpaceOptimised,2431.8919,40575
08SpannerWeaklyCorrelated,n00200,R01000,s000,200,41138,Greedy,0.176,40513
08SpannerWeaklyCorrelated,n00200,R01000,s000,200,41138,FPTAS,2029.9323,40575
08SpannerWeaklyCorrelated,n00200,R01000,s001,200,23774,Memoization,3810.8517,60080
08SpannerWeaklyCorrelated,n00200,R01000,s001,200,23774,Tabulation,2712.7502,60080
08SpannerWeaklyCorrelated,n00200,R01000,s001,200,23774,SpaceOptimised,1574.3668,60080
08SpannerWeaklyCorrelated,n00200,R01000,s001,200,23774,Greedy,0.1143,60080
08SpannerWeaklyCorrelated,n00200,R01000,s001,200,23774,FPTAS,1739.6463,60073
08SpannerWeaklyCorrelated,n00200,R01000,s002,200,47962,Memoization,8738.7206,8902
08SpannerWeaklyCorrelated,n00200,R01000,s002,200,47962,Tabulation,5626.1424,8902
08SpannerWeaklyCorrelated,n00200,R01000,s002,200,47962,SpaceOptimised,4431.6049,8902
08SpannerWeaklyCorrelated,n00200,R01000,s002,200,47962,Greedy,0.1093,8902
08SpannerWeaklyCorrelated,n00200,R01000,s002,200,47962,FPTAS,1978.313,8902
08SpannerWeaklyCorrelated,n00200,R01000,s003,200,19807,Memoization,557.7482,40050
08SpannerWeaklyCorrelated,n00200,R01000,s003,200,19807,Tabulation,2218.5573,40050
08SpannerWeaklyCorrelated,n00200,R01000,s003,200,19807,SpaceOptimised,1512.2417,40050
08SpannerWeaklyCorrelated,n00200,R01000,s003,200,19807,Greedy,0.2564,40005
08SpannerWeaklyCorrelated,n00200,R01000,s003,200,19807,FPTAS,2014.2931,40050
08SpannerWeaklyCorrelated,n00200,R01000,s004,200,8325,Memoization,700.8901,19025
08SpannerWeaklyCorrelated,n00200,R01000,s004,200,8325,Tabulation,990.885,19025
08SpannerWeaklyCorrelated,n00200,R01000,s004,200,8325,SpaceOptimised,621.7784,19025
08SpannerWeaklyCorrelated,n00200,R01000,s004,200,8325,Greedy,0.1251,19025
08SpannerWeaklyCorrelated,n00200,R01000,s004,200,8325,FPTAS,1784.9162,19024
09SpannerStronglyCorrelated,n00050,R01000,s000,50,11546,Memoization,70.6764,28440
09SpannerStronglyCorrelated,n00050,R01000,s000,50,11546,Tabulation,260.929,28440
09SpannerStronglyCorrelated,n00050,R01000,s000,50,11546,SpaceOptimised,239.0745,28440
09SpannerStronglyCorrelated,n00050,R01000,s000,50,11546,Greedy,0.057,28392
09SpannerStronglyCorrelated,n00050,R01000,s000,50,11546,FPTAS,45.7592,28434
09SpannerStronglyCorrelated,n00050,R01000,s001,50,6514,Memoization,137.161,27261
09SpannerStronglyCorrelated,n00050,R01000,s001,50,6514,Tabulation,171.5491,27261
09SpannerStronglyCorrelated,n00050,R01000,s001,50,6514,SpaceOptimised,105.7094,27261
09SpannerStronglyCorrelated,n00050,R01000,s001,50,6514,Greedy,0.0341,27261
09SpannerStronglyCorrelated,n00050,R01000,s001,50,6514,FPTAS,29.4433,27116
09SpannerStronglyCorrelated,n00050,R01000,s002,50,13313,Memoization,202.9959,28713
09SpannerStronglyCorrelated,n00050,R01000,s002,50,13313,Tabulation,339.5144,28713
09SpannerStronglyCorrelated,n00050,R01000,s002,50,13313,SpaceOptimised,238.3154,28713
09SpannerStronglyCorrelated,n00050,R01000,s002,50,13313,Greedy,0.0333,28650
09SpannerStronglyCorrelated,n00050,R01000,s002,50,13313,FPTAS,35.7171,28695
09SpannerStronglyCorrelated,n00050,R01000,s003,50,5353,Memoization,17.128,25627
09SpannerStronglyCorrelated,n00050,R01000,s003,50,5353,Tabulation,121.5972,25627
09SpannerStronglyCorrelated,n00050,R01000,s003,50,5353,SpaceOptimised,77.57,25627
09SpannerStronglyCorrelated,n00050,R01000,s003,50,5353,Greedy,0.0318,25478
09SpannerStronglyCorrelated,n00050,R01000,s003,50,5353,FPTAS,38.5418,25523
09SpannerStronglyCorrelated,n00050,R01000,s004,50,2125,Memoization,15.2465,19821
09SpannerStronglyCorrelated,n00050,R01000,s004,50,2125,Tabulation,58.3996,19821
09SpannerStronglyCorrelated,n00050,R01000,s004,50,2125,SpaceOptimised,35.3582,19821
09SpannerStronglyCorrelated,n00050,R01000,s004,50,2125,Greedy,0.0324,19809
09SpannerStronglyCorrelated,n00050,R01000,s004,50,2125,FPTAS,31.8419,19807
09SpannerStronglyCorrelated,n00100,R01000,s000,100,20956,Memoization,391.8873,51656
09SpannerStronglyCorrelated,n00100,R01000,s000,100,20956,Tabulation,1158.6934,51656
09SpannerStronglyCorrelated,n00100,R01000,s000,100,20956,SpaceOptimised,720.2773,51656
09SpannerStronglyCorrelated,n00100,R01000,s000,100,20956,Greedy,0.0836,51600
09SpannerStronglyCorrelated,n00100,R01000,s000,100,20956,FPTAS,278.609,51537
09SpannerStronglyCorrelated,n00100,R01000,s001,100,12009,Memoization,895.853,49204
09SpannerStronglyCorrelated,n00100,R01000,s001,100,12009,Tabulation,700.1133,49204
09SpannerStronglyCorrelated,n00100,R01000,s001,100,12009,SpaceOptimised,661.3562,49204
09SpannerStronglyCorrelated,n00100,R01000,s001,100,12009,Greedy,0.0723,49139
09SpannerStronglyCorrelated,n00100,R01000,s001,100,12009,FPTAS,242.901,49090
09SpannerStronglyCorrelated,n00100,R01000,s002,100,23942,Memoization,1616.0492,51742
09SpannerStronglyCorrelated,n00100,R01000,s002,100,23942,Tabulation,1388.8208,51742
09SpannerStronglyCorrelated,n00100,R01000,s002,100,23942,SpaceOptimised,1718.9498,51742
09SpannerStronglyCorrelated,n00100,R01000,s002,100,23942,Greedy,0.1541,51716
09SpannerStronglyCorrelated,n00100,R01000,s002,100,23942,FPTAS,621.8672,51654
09SpannerStronglyCorrelated,n00100,R01000,s003,100,9990,Memoization,226.1886,50089
09SpannerStronglyCorrelated,n00100,R01000,s003,100,9990,Tabulation,893.8403,50089
09SpannerStronglyCorrelated,n00100,R01000,s003,100,9990,SpaceOptimised,621.6641,50089
09SpannerStronglyCorrelated,n00100,R01000,s003,100,9990,Greedy,0.176,50089
09SpannerStronglyCorrelated,n00100,R01000,s003,100,9990,FPTAS,385.8962,49955
09SpannerStronglyCorrelated,n00100,R01000,s004,100,4367,Memoization,161.9968,41762
09SpannerStronglyCorrelated,n00100,R01000,s004,100,4367,Tabulation,280.8034,41762
09SpannerStronglyCorrelated,n00100,R01000,s004,100,4367,SpaceOptimised,194.1269,41762
09SpannerStronglyCorrelated,n00100,R01000,s004,100,4367,Greedy,0.0964,41750
09SpannerStronglyCorrelated,n00100,R01000,s004,100,4367,FPTAS,313.6189,41732
09SpannerStronglyCorrelated,n00200,R01000,s000,200,41289,Memoization,1783.5044,101888
09SpannerStronglyCorrelated,n00200,R01000,s000,200,41289,Tabulation,4832.4954,101888
09SpannerStronglyCorrelated,n00200,R01000,s000,200,41289,SpaceOptimised,3048.9111,101888
09SpannerStronglyCorrelated,n00200,R01000,s000,200,41289,Greedy,0.2353,101824
09SpannerStronglyCorrelated,n00200,R01000,s000,200,41289,FPTAS,2142.5079,101780
09SpannerStronglyCorrelated,n00200,R01000,s001,200,23707,Memoization,7174.7143,104200
09SpannerStronglyCorrelated,n00200,R01000,s001,200,23707,Tabulation,5252.0002,104200
09SpannerStronglyCorrelated,n00200,R01000,s001,200,23707,SpaceOptimised,3821.8866,104200
09SpannerStronglyCorrelated,n00200,R01000,s001,200,23707,Greedy,0.2028,104135
09SpannerStronglyCorrelated,n00200,R01000,s001,200,23707,FPTAS,4051.0493,104076
09SpannerStronglyCorrelated,n00200,R01000,s002,200,47878,Memoization,12021.5989,103478
09SpannerStronglyCorrelated,n00200,R01000,s002,200,47878,Tabulation,8924.3186,103478
09SpannerStronglyCorrelated,n00200,R01000,s002,200,47878,SpaceOptimised,3352.0787,103478
09SpannerStronglyCorrelated,n00200,R01000,s002,200,47878,Greedy,0.203,103420
09SpannerStronglyCorrelated,n00200,R01000,s002,200,47878,FPTAS,2103.9353,103403
09SpannerStronglyCorrelated,n00200,R01000,s003,200,19811,Memoization,413.3467,92410
09SpannerStronglyCorrelated,n00200,R01000,s003,200,19811,Tabulation,1702.1867,92410
09SpannerStronglyCorrelated,n00200,R01000,s003,200,19811,SpaceOptimised,1259.6302,92410
09SpannerStronglyCorrelated,n00200,R01000,s003,200,19811,Greedy,0.3915,92382
09SpannerStronglyCorrelated,n00200,R01000,s003,200,19811,FPTAS,1958.4474,92260
09SpannerStronglyCorrelated,n00200,R01000,s004,200,8322,Memoization,287.7217,82219
09SpannerStronglyCorrelated,n00200,R01000,s004,200,8322,Tabulation,667.5738,82219
09SpannerStronglyCorrelated,n00200,R01000,s004,200,8322,SpaceOptimised,454.9107,82219
09SpannerStronglyCorrelated,n00200,R01000,s004,200,8322,Greedy,0.0978,82207
09SpannerStronglyCorrelated,n00200,R01000,s004,200,8322,FPTAS,2100.4743,82159
10MultipleStronglyCorrelated,n00050,R01000,s000,50,14238,Memoization,423.759,21338
10MultipleStronglyCorrelated,n00050,R01000,s000,50,14238,Tabulation,366.795,21338
10MultipleStronglyCorrelated,n00050,R01000,s000,50,14238,SpaceOptimised,194.3787,21338
10MultipleStronglyCorrelated,n00050,R01000,s000,50,14238,Greedy,0.0324,20976
10MultipleStronglyCorrelated,n00050,R01000,s000,50,14238,FPTAS,37.9467,21252
10MultipleStronglyCorrelated,n00050,R01000,s001,50,11790,Memoization,290.9107,19390
10MultipleStronglyCorrelated,n00050,R01000,s001,50,11790,Tabulation,271.7927,19390
10MultipleStronglyCorrelated,n00050,R01000,s001,50,11790,SpaceOptimised,163.1814,19390
10MultipleStronglyCorrelated,n00050,R01000,s001,50,11790,Greedy,0.0272,18732
10MultipleStronglyCorrelated,n00050,R01000,s001,50,11790,FPTAS,34.4283,19296
10MultipleStronglyCorrelated,n00050,R01000,s002,50,13566,Memoization,282.7659,21166
10MultipleStronglyCorrelated,n00050,R01000,s002,50,13566,Tabulation,288.8603,21166
10MultipleStronglyCorrelated,n00050,R01000,s002,50,13566,SpaceOptimised,216.2671,21166
10MultipleStronglyCorrelated,n00050,R01000,s002,50,13566,Greedy,0.0437,20418
10MultipleStronglyCorrelated,n00050,R01000,s002,50,13566,FPTAS,34.5867,21091
10MultipleStronglyCorrelated,n00050,R01000,s003,50,13212,Memoization,328.4063,20212
10MultipleStronglyCorrelated,n00050,R01000,s003,50,13212,Tabulation,292.5361,20212
10MultipleStronglyCorrelated,n00050,R01000,s003,50,13212,SpaceOptimised,207.4923,20212
10MultipleStronglyCorrelated,n00050,R01000,s003,50,13212,Greedy,0.0376,19626
10MultipleStronglyCorrelated,n00050,R01000,s003,50,13212,FPTAS,33.4577,20107
10MultipleStronglyCorrelated,n00050,R01000,s004,50,12258,Memoization,285.9073,20450
10MultipleStronglyCorrelated,n00050,R01000,s004,50,12258,Tabulation,255.9855,20450
10MultipleStronglyCorrelated,n00050,R01000,s004,50,12258,SpaceOptimised,188.2734,20450
10MultipleStronglyCorrelated,n00050,R01000,s004,50,12258,Greedy,0.0373,20422
10MultipleStronglyCorrelated,n00050,R01000,s004,50,12258,FPTAS,32.9489,20352
10MultipleStronglyCorrelated,n00100,R01000,s000,100,29016,Memoization,2007.19,43316
10MultipleStronglyCorrelated,n00100,R01000,s000,100,29016,Tabulation,1549.5358,43316
10MultipleStronglyCorrelated,n00100,R01000,s000,100,29016,SpaceOptimised,1162.9589,43316
10MultipleStronglyCorrelated,n00100,R01000,s000,100,29016,Greedy,0.0562,42912
10MultipleStronglyCorrelated,n00100,R01000,s000,100,29016,FPTAS,365.6636,43228
10MultipleStronglyCorrelated,n00100,R01000,s001,100,25386,Memoization,2303.776,40686
10MultipleStronglyCorrelated,n00100,R01000,s001,100,25386,Tabulation,1169.7273,40686
10MultipleStronglyCorrelated,n00100,R01000,s001,100,25386,SpaceOptimised,834.7667,40686
10MultipleStronglyCorrelated,n00100,R01000,s001,100,25386,Greedy,0.0572,40066
10MultipleStronglyCorrelated,n00100,R01000,s001,100,25386,FPTAS,295.1185,40590
10MultipleStronglyCorrelated,n00100,R01000,s002,100,27378,Memoization,2110.8791,42678
10MultipleStronglyCorrelated,n00100,R01000,s002,100,27378,Tabulation,1265.8899,42678
10MultipleStronglyCorrelated,n00100,R01000,s002,100,27378,SpaceOptimised,1460.3675,42678
10MultipleStronglyCorrelated,n00100,R01000,s002,100,27378,Greedy,0.0588,41922
10MultipleStronglyCorrelated,n00100,R01000,s002,100,27378,FPTAS,352.1068,42584
10MultipleStronglyCorrelated,n00100,R01000,s003,100,26808,Memoization,4128.7023,41805
10MultipleStronglyCorrelated,n00100,R01000,s003,100,26808,Tabulation,2785.1028,41805
10MultipleStronglyCorrelated,n00100,R01000,s003,100,26808,SpaceOptimised,2190.7412,41805
10MultipleStronglyCorrelated,n00100,R01000,s003,100,26808,Greedy,0.0918,41805
10MultipleStronglyCorrelated,n00100,R01000,s003,100,26808,FPTAS,742.1878,41692
10MultipleStronglyCorrelated,n00100,R01000,s004,100,23880,Memoization,3327.1268,39579
10MultipleStronglyCorrelated,n00100,R01000,s004,100,23880,Tabulation,1060.4332,39579
10MultipleStronglyCorrelated,n00100,R01000,s004,100,23880,SpaceOptimised,679.3241,39579
10MultipleStronglyCorrelated,n00100,R01000,s004,100,23880,Greedy,0.0614,39007
10MultipleStronglyCorrelated,n00100,R01000,s004,100,23880,FPTAS,272.44,39466
10MultipleStronglyCorrelated,n00200,R01000,s000,200,51558,Memoization,8263.5289,81658
10MultipleStronglyCorrelated,n00200,R01000,s000,200,51558,Tabulation,4041.7927,81658
10MultipleStronglyCorrelated,n00200,R01000,s000,200,51558,SpaceOptimised,2700.8508,81658
10MultipleStronglyCorrelated,n00200,R01000,s000,200,51558,Greedy,0.105,81069
10MultipleStronglyCorrelated,n00200,R01000,s000,200,51558,FPTAS,2565.2966,81552
10MultipleStronglyCorrelated,n00200,R01000,s001,200,48102,Memoization,6429.9458,79202
10MultipleStronglyCorrelated,n00200,R01000,s001,200,48102,Tabulation,4283.9406,79202
10MultipleStronglyCorrelated,n00200,R01000,s001,200,48102,SpaceOptimised,2761.0263,79202
10MultipleStronglyCorrelated,n00200,R01000,s001,200,48102,Greedy,0.0976,78928
10MultipleStronglyCorrelated,n00200,R01000,s001,200,48102,FPTAS,2322.4801,79102
10MultipleStronglyCorrelated,n00200,R01000,s002,200,48996,Memoization,7941.1346,80096
10MultipleStronglyCorrelated,n00200,R01000,s002,200,48996,Tabulation,4413.2054,80096
10MultipleStronglyCorrelated,n00200,R01000,s002,200,48996,SpaceOptimised,7764.2929,80096
10MultipleStronglyCorrelated,n00200,R01000,s002,200,48996,Greedy,0.3473,79482
10MultipleStronglyCorrelated,n00200,R01000,s002,200,48996,FPTAS,5531.2967,79993
10MultipleStronglyCorrelated,n00200,R01000,s003,200,50850,Memoization,17548.0767,81150
10MultipleStronglyCorrelated,n00200,R01000,s003,200,50850,Tabulation,10522.2037,81150
10MultipleStronglyCorrelated,n00200,R01000,s003,200,50850,SpaceOptimised,7416.0341,81150
10MultipleStronglyCorrelated,n00200,R01000,s003,200,50850,Greedy,0.118,80670
10MultipleStronglyCorrelated,n00200,R01000,s003,200,50850,FPTAS,4860.5774,81045
10MultipleStronglyCorrelated,n00200,R01000,s004,200,49428,Memoization,23204.971,80526
10MultipleStronglyCorrelated,n00200,R01000,s004,200,49428,Tabulation,8871.9972,80526
10MultipleStronglyCorrelated,n00200,R01000,s004,200,49428,SpaceOptimised,7678.0689,80526
10MultipleStronglyCorrelated,n00200,R01000,s004,200,49428,Greedy,0.2016,79997
10MultipleStronglyCorrelated,n00200,R01000,s004,200,49428,FPTAS,4644.0677,80425
11ProfitCeiling,n00050,R01000,s000,50,14239,Memoization,874.1604,14229
11ProfitCeiling,n00050,R01000,s000,50,14239,Tabulation,735.5034,14229
11ProfitCeiling,n00050,R01000,s000,50,14239,SpaceOptimised,273.7688,14229
11ProfitCeiling,n00050,R01000,s000,50,14239,Greedy,0.0432,14190
11ProfitCeiling,n00050,R01000,s000,50,14239,FPTAS,35.1598,14195
11ProfitCeiling,n00050,R01000,s001,50,11793,Memoization,308.7378,11784
11ProfitCeiling,n00050,R01000,s001,50,11793,Tabulation,249.1578,11784
11ProfitCeiling,n00050,R01000,s001,50,11793,SpaceOptimised,169.357,11784
11ProfitCeiling,n00050,R01000,s001,50,11793,Greedy,0.0296,11772
11ProfitCeiling,n00050,R01000,s001,50,11793,FPTAS,32.7904,11762
11ProfitCeiling,n00050,R01000,s002,50,13570,Memoization,287.8229,13566
11ProfitCeiling,n00050,R01000,s002,50,13570,Tabulation,384.1515,13566
11ProfitCeiling,n00050,R01000,s002,50,13570,SpaceOptimised,569.7553,13566
11ProfitCeiling,n00050,R01000,s002,50,13570,Greedy,0.0274,13545
11ProfitCeiling,n00050,R01000,s002,50,13570,FPTAS,80.4386,13531
11ProfitCeiling,n00050,R01000,s003,50,13214,Memoization,640.3416,13209
11ProfitCeiling,n00050,R01000,s003,50,13214,Tabulation,619.251,13209
11ProfitCeiling,n00050,R01000,s003,50,13214,SpaceOptimised,458.581,13209
11ProfitCeiling,n00050,R01000,s003,50,13214,Greedy,0.0875,13200
11ProfitCeiling,n00050,R01000,s003,50,13214,FPTAS,55.2388,13167
11ProfitCeiling,n00050,R01000,s004,50,12263,Memoization,674.3188,12261
11ProfitCeiling,n00050,R01000,s004,50,12263,Tabulation,707.326,12261
11ProfitCeiling,n00050,R01000,s004,50,12263,SpaceOptimised,376.6711,12261
11ProfitCeiling,n00050,R01000,s004,50,12263,Greedy,0.0916,12234
11ProfitCeiling,n00050,R01000,s004,50,12263,FPTAS,83.5509,12226
11ProfitCeiling,n00100,R01000,s000,100,29017,Memoization,4184.6293,29001
11ProfitCeiling,n00100,R01000,s000,100,29017,Tabulation,2753.288,29001
11ProfitCeiling,n00100,R01000,s000,100,29017,SpaceOptimised,1875.127,29001
11ProfitCeiling,n00100,R01000,s000,100,29017,Greedy,0.0613,29001
11ProfitCeiling,n00100,R01000,s000,100,29017,FPTAS,584.9649,28956
11ProfitCeiling,n00100,R01000,s001,100,25391,Memoization,2749.5373,25377
11ProfitCeiling,n00100,R01000,s001,100,25391,Tabulation,1351.8187,25377
11ProfitCeiling,n00100,R01000,s001,100,25391,SpaceOptimised,977.9567,25377
11ProfitCeiling,n00100,R01000,s001,100,25391,Greedy,0.0558,25377
11ProfitCeiling,n00100,R01000,s001,100,25391,FPTAS,248.768,25341
11ProfitCeiling,n00100,R01000,s002,100,27381,Memoization,2015.5661,27372
11ProfitCeiling,n00100,R01000,s002,100,27381,Tabulation,2356.8793,27372
11ProfitCeiling,n00100,R01000,s002,100,27381,SpaceOptimised,2092.1096,27372
11ProfitCeiling,n00100,R01000,s002,100,27381,Greedy,0.0974,27354
11ProfitCeiling,n00100,R01000,s002,100,27381,FPTAS,621.8557,27325
11ProfitCeiling,n00100,R01000,s003,100,26811,Memoization,4178.0903,26805
11ProfitCeiling,n00100,R01000,s003,100,26811,Tabulation,2547.6607,26805
11ProfitCeiling,n00100,R01000,s003,100,26811,SpaceOptimised,1714.8927,26805
11ProfitCeiling,n00100,R01000,s003,100,26811,Greedy,0.0758,26796
11ProfitCeiling,n00100,R01000,s003,100,26811,FPTAS,549.7844,26763
11ProfitCeiling,n00100,R01000,s004,100,23881,Memoization,3885.4703,23874
11ProfitCeiling,n00100,R01000,s004,100,23881,Tabulation,2834.3296,23874
11ProfitCeiling,n00100,R01000,s004,100,23881,SpaceOptimised,1687.2957,23874
11ProfitCeiling,n00100,R01000,s004,100,23881,Greedy,0.0478,23874
11ProfitCeiling,n00100,R01000,s004,100,23881,FPTAS,522.7299,23839
11ProfitCeiling,n00200,R01000,s000,200,51563,Memoization,12614.7107,51540
11ProfitCeiling,n00200,R01000,s000,200,51563,Tabulation,7510.4198,51540
11ProfitCeiling,n00200,R01000,s000,200,51563,SpaceOptimised,7767.3307,51540
11ProfitCeiling,n00200,R01000,s000,200,51563,Greedy,0.7583,51537
11ProfitCeiling,n00200,R01000,s000,200,51563,FPTAS,4233.7179,51493
11ProfitCeiling,n00200,R01000,s001,200,48106,Memoization,10646.7741,48087
11ProfitCeiling,n00200,R01000,s001,200,48106,Tabulation,9308.8399,48087
11ProfitCeiling,n00200,R01000,s001,200,48106,SpaceOptimised,5026.7906,48087
11ProfitCeiling,n00200,R01000,s001,200,48106,Greedy,0.0861,48075
11ProfitCeiling,n00200,R01000,s001,200,48106,FPTAS,2816.8766,48040
11ProfitCeiling,n00200,R01000,s002,200,49000,Memoization,6654.2783,48978
11ProfitCeiling,n00200,R01000,s002,200,49000,Tabulation,5120.6199,48978
11ProfitCeiling,n00200,R01000,s002,200,49000,SpaceOptimised,2509.3406,48978
11ProfitCeiling,n00200,R01000,s002,200,49000,Greedy,0.1041,48972
11ProfitCeiling,n00200,R01000,s002,200,49000,FPTAS,1571.6367,48933
11ProfitCeiling,n00200,R01000,s003,200,50855,Memoization,5724.5402,50841
11ProfitCeiling,n00200,R01000,s003,200,50855,Tabulation,3936.251,50841
11ProfitCeiling,n00200,R01000,s003,200,50855,SpaceOptimised,3402.9056,50841
11ProfitCeiling,n00200,R01000,s003,200,50855,Greedy,0.1993,50838
11ProfitCeiling,n00200,R01000,s003,200,50855,FPTAS,1778.7196,50799
11ProfitCeiling,n00200,R01000,s004,200,49428,Memoization,7540.7102,49413
11ProfitCeiling,n00200,R01000,s004,200,49428,Tabulation,3896.0896,49413
11ProfitCeiling,n00200,R01000,s004,200,49428,SpaceOptimised,2479.9724,49413
11ProfitCeiling,n00200,R01000,s004,200,49428,Greedy,0.0957,49413
11ProfitCeiling,n00200,R01000,s004,200,49428,FPTAS,1580.5044,49367
12Circle,n00050,R01000,s000,50,14239,Memoization,252.7553,300031
12Circle,n00050,R01000,s000,50,14239,Tabulation,234.6279,300031
12Circle,n00050,R01000,s000,50,14239,SpaceOptimised,171.8657,300031
12Circle,n00050,R01000,s000,50,14239,Greedy,0.0254,299715
12Circle,n00050,R01000,s000,50,14239,FPTAS,28.5645,299302
12Circle,n00050,R01000,s001,50,11793,Memoization,219.2317,248488
12Circle,n00050,R01000,s001,50,11793,Tabulation,218.8306,248488
12Circle,n00050,R01000,s001,50,11793,SpaceOptimised,193.7655,248488
12Circle,n00050,R01000,s001,50,11793,Greedy,0.051,248467
12Circle,n00050,R01000,s001,50,11793,FPTAS,30.7993,247937
12Circle,n00050,R01000,s002,50,13570,Memoization,328.0601,285931
12Circle,n00050,R01000,s002,50,13570,Tabulation,259.5673,285931
12Circle,n00050,R01000,s002,50,13570,SpaceOptimised,158.9141,285931
12Circle,n00050,R01000,s002,50,13570,Greedy,0.0259,285847
12Circle,n00050,R01000,s002,50,13570,FPTAS,24.3259,285438
12Circle,n00050,R01000,s003,50,13214,Memoization,242.7499,278429
12Circle,n00050,R01000,s003,50,13214,Tabulation,234.8294,278429
12Circle,n00050,R01000,s003,50,13214,SpaceOptimised,152.5022,278429
12Circle,n00050,R01000,s003,50,13214,Greedy,0.0249,278176
12Circle,n00050,R01000,s003,50,13214,FPTAS,24.3516,277762
12Circle,n00050,R01000,s004,50,12263,Memoization,207.1195,258392
12Circle,n00050,R01000,s004,50,12263,Tabulation,219.3474,258392
12Circle,n00050,R01000,s004,50,12263,SpaceOptimised,144.58,258392
12Circle,n00050,R01000,s004,50,12263,Greedy,0.0238,257802
12Circle,n00050,R01000,s004,50,12263,FPTAS,33.5418,257886
12Circle,n00100,R01000,s000,100,29017,Memoization,1809.4346,611418
12Circle,n00100,R01000,s000,100,29017,Tabulation,1022.1504,611418
12Circle,n00100,R01000,s000,100,29017,SpaceOptimised,736.9101,611418
12Circle,n00100,R01000,s000,100,29017,Greedy,0.049,611313
12Circle,n00100,R01000,s000,100,29017,FPTAS,240.2603,610860
12Circle,n00100,R01000,s001,100,25391,Memoization,1349.0384,535012
12Circle,n00100,R01000,s001,100,25391,Tabulation,841.9856,535012
12Circle,n00100,R01000,s001,100,25391,SpaceOptimised,674.9798,535012
12Circle,n00100,R01000,s001,100,25391,Greedy,0.0566,535012
12Circle,n00100,R01000,s001,100,25391,FPTAS,222.517,534373
12Circle,n00100,R01000,s002,100,27381,Memoization,1599.2131,576941
12Circle,n00100,R01000,s002,100,27381,Tabulation,1050.0381,576941
12Circle,n00100,R01000,s002,100,27381,SpaceOptimised,1877.3728,576941
12Circle,n00100,R01000,s002,100,27381,Greedy,0.1507,576583
12Circle,n00100,R01000,s002,100,27381,FPTAS,545.4829,576454
12Circle,n00100,R01000,s003,100,26811,Memoization,2694.8366,564931
12Circle,n00100,R01000,s003,100,26811,Tabulation,1106.4598,564931
12Circle,n00100,R01000,s003,100,26811,SpaceOptimised,931.3042,564931
12Circle,n00100,R01000,s003,100,26811,Greedy,0.0505,564868
12Circle,n00100,R01000,s003,100,26811,FPTAS,211.7913,564350
12Circle,n00100,R01000,s004,100,23881,Memoization,1200.9053,503193
12Circle,n00100,R01000,s004,100,23881,Tabulation,897.9654,503193
12Circle,n00100,R01000,s004,100,23881,SpaceOptimised,696.3323,503193
12Circle,n00100,R01000,s004,100,23881,Greedy,0.0525,503025
12Circle,n00100,R01000,s004,100,23881,FPTAS,230.3981,502803
12Circle,n00200,R01000,s000,200,51563,Memoization,6376.6202,1086483
12Circle,n00200,R01000,s000,200,51563,Tabulation,4038.4723,1086483
12Circle,n00200,R01000,s000,200,51563,SpaceOptimised,2773.403,1086483
12Circle,n00200,R01000,s000,200,51563,Greedy,0.0865,1086483
12Circle,n00200,R01000,s000,200,51563,FPTAS,1528.5483,1085929
12Circle,n00200,R01000,s001,200,48106,Memoization,5690.7873,1013639
12Circle,n00200,R01000,s001,200,48106,Tabulation,3990.4568,1013639
12Circle,n00200,R01000,s001,200,48106,SpaceOptimised,2697.775,1013639
12Circle,n00200,R01000,s001,200,48106,Greedy,0.3351,1013597
12Circle,n00200,R01000,s001,200,48106,FPTAS,1735.1392,1013091
12Circle,n00200,R01000,s002,200,49000,Memoization,5559.9721,1032473
12Circle,n00200,R01000,s002,200,49000,Tabulation,3512.2371,1032473
12Circle,n00200,R01000,s002,200,49000,SpaceOptimised,2660.6191,1032473
12Circle,n00200,R01000,s002,200,49000,Greedy,0.1659,1032389
12Circle,n00200,R01000,s002,200,49000,FPTAS,1668.7797,1031976
12Circle,n00200,R01000,s003,200,50855,Memoization,6267.9606,1071560
12Circle,n00200,R01000,s003,200,50855,Tabulation,3737.1216,1071560
12Circle,n00200,R01000,s003,200,50855,SpaceOptimised,2494.1471,1071560
12Circle,n00200,R01000,s003,200,50855,Greedy,0.0788,1071560
12Circle,n00200,R01000,s003,200,50855,FPTAS,1517.6238,1071024
12Circle,n00200,R01000,s004,200,49428,Memoization,5683.4265,1041495
12Circle,n00200,R01000,s004,200,49428,Tabulation,3590.4773,1041495
12Circle,n00200,R01000,s004,200,49428,SpaceOptimised,2333.158,1041495
12Circle,n00200,R01000,s004,200,49428,Greedy,0.0914,1041432
12Circle,n00200,R01000,s004,200,49428,FPTAS,1422.6409,1041040
